date,open,high,close,low,volume,price_change,p_change,ma5,ma10,ma20,v_ma5,v_ma10,v_ma20
2021-12-31,4937.46,4950.36,4940.37,4923.14,1213137.38,18.86,0.38,4924.128,4919.908,4963.622,1222153.25,1339577.68,1539249.86
2021-12-30,4882.16,4940.18,4921.51,4878.65,1216171.75,38.03,0.78,4920.322,4921.347,4961.654,1264872.42,1367269.34,1550622.8
2021-12-29,4958.65,4958.65,4883.48,4883.48,1135870.0,-72.48,-1.46,4925.768,4932.669,4958.387,1300748.87,1389706.03,1563858.48
2021-12-28,4923.69,4959.14,4955.96,4913.6,1304577.62,36.64,0.74,4931.962,4944.911,4956.405,1340088.35,1426648.78,1568608.37
2021-12-27,4918.15,4939.69,4919.32,4894.16,1241009.5,-2.02,-0.04,4923.468,4954.285,4950.209,1365852.63,1455298.8,1568194.79
2021-12-24,4953.06,4964.91,4921.34,4905.98,1426733.25,-27.4,-0.55,4915.688,4970.733,4946.814,1457002.1,1542999.45,1572957.74
2021-12-23,4924.29,4948.74,4948.74,4906.75,1395554.0,34.29,0.7,4922.372,4984.111,4943.753,1469666.25,1594021.28,1561805.57
2021-12-22,4924.58,4936.67,4914.45,4903.17,1332567.38,0.96,0.02,4939.57,4997.106,4941.138,1478663.18,1675034.65,1550019.88
2021-12-21,4876.51,4917.8,4913.49,4872.95,1433399.0,33.07,0.68,4957.86,5005.254,4941.249,1513209.2,1699268.48,1551966.85
2021-12-20,4934.97,4971.67,4880.42,4872.68,1696756.88,-74.34,-1.5,4985.102,5006.115,4941.242,1544744.98,1734982.04,1557449.11
2021-12-17,5021.34,5022.11,4954.76,4954.76,1490054.0,-79.97,-1.59,5025.778,5007.335,4942.841,1628996.8,1738922.04,1541657.68
2021-12-16,5006.61,5034.73,5034.73,4987.22,1440538.62,28.83,0.58,5045.85,5001.961,4939.606,1718376.3,1733976.26,1530754.14
2021-12-15,5036.28,5060.37,5005.9,5003.78,1505297.5,-43.8,-0.87,5054.642,4984.104,4929.75,1871406.13,1738010.93,1515967.49
2021-12-14,5066.35,5075.21,5049.7,5038.86,1591077.88,-34.1,-0.67,5052.648,4967.899,4923.743,1885327.75,1710567.96,1494932.22
2021-12-13,5090.02,5143.84,5083.8,5079.73,2118016.0,28.68,0.57,5027.128,4946.132,4915.424,1925219.1,1681090.78,1479005.53
2021-12-10,5046.27,5060.06,5055.12,5035.81,1936951.5,-23.57,-0.46,4988.892,4922.894,4905.353,1848847.27,1602916.04,1434016.31
2021-12-09,5000.69,5114.5,5078.69,4999.41,2205687.75,82.76,1.66,4958.072,4903.395,4897.015,1749576.22,1529589.86,1403500.22
2021-12-08,4934.41,4995.93,4995.93,4915.79,1574905.62,73.83,1.5,4913.566,4885.17,4888.013,1604615.72,1425005.11,1373458.26
2021-12-07,4930.83,4934.1,4922.1,4895.22,1790534.62,29.48,0.6,4883.15,4877.243,4879.276,1535808.18,1404665.23,1362272.07
2021-12-06,4909.43,4943.9,4892.62,4888.69,1736156.88,-8.4,-0.17,4865.136,4876.368,4875.508,1436962.45,1379916.18,1331933.1
2021-12-03,4856.98,4901.02,4901.02,4853.35,1440596.25,44.86,0.92,4856.896,4878.346,4873.286,1356984.8,1344393.33,1313824.39
2021-12-02,4839.91,4866.85,4856.16,4830.32,1480885.25,12.31,0.25,4848.718,4877.25,4870.353,1309603.5,1327532.01,1315689.26
2021-12-01,4831.89,4844.52,4843.85,4823.93,1230867.88,11.82,0.24,4856.774,4875.396,4870.982,1245394.5,1293924.05,1307941.48
2021-11-30,4857.18,4871.25,4832.03,4810.22,1296306.0,-19.39,-0.4,4871.336,4879.586,4869.845,1273522.27,1279296.49,1317780.0
2021-11-29,4820.01,4858.53,4851.42,4818.71,1336268.62,-8.71,-0.18,4887.6,4884.715,4870.236,1322869.9,1276920.29,1345683.54
2021-11-26,4886.95,4886.95,4860.13,4850.81,1203689.75,-36.31,-0.74,4899.796,4887.811,4872.199,1331801.85,1265116.57,1364662.1
2021-11-25,4917.61,4921.33,4896.44,4891.73,1159840.25,-20.22,-0.41,4905.782,4890.635,4874.631,1345460.52,1277410.57,1384421.29
2021-11-24,4914.03,4935.49,4916.66,4899.61,1371506.75,3.31,0.07,4894.018,4890.856,4873.016,1342453.6,1321911.41,1404754.01
2021-11-23,4905.76,4927.52,4913.35,4896.88,1543044.12,0.95,0.02,4887.836,4881.309,4872.091,1285070.7,1319878.91,1409734.47
2021-11-22,4895.39,4919.0,4912.4,4893.27,1380928.38,22.34,0.46,4881.83,4874.648,4874.579,1230970.67,1283950.02,1403026.73
2021-11-19,4832.06,4892.81,4890.06,4829.57,1271983.12,52.44,1.08,4875.826,4868.226,4877.935,1198431.3,1283255.45,1404911.06
2021-11-18,4871.42,4871.42,4837.62,4830.41,1144805.62,-48.13,-0.98,4875.488,4863.455,4881.418,1209360.62,1303846.5,1413275.01
2021-11-17,4883.25,4891.52,4885.75,4864.52,1084592.25,2.43,0.05,4887.694,4866.567,4885.938,1301369.22,1321958.91,1430483.81
2021-11-16,4880.9,4915.37,4883.32,4876.5,1272544.0,0.94,0.02,4874.782,4860.103,4887.16,1354687.12,1356263.51,1447020.79
2021-11-15,4894.41,4906.33,4882.38,4863.4,1218231.5,-5.99,-0.12,4867.466,4855.756,4889.13,1336929.37,1414446.8,1451026.83
2021-11-12,4902.93,4909.08,4888.37,4875.35,1326629.75,-10.28,-0.21,4860.626,4856.587,4888.75,1368079.6,1464207.62,1460737.86
2021-11-11,4814.77,4898.65,4898.65,4809.11,1604848.62,77.46,1.61,4851.422,4858.627,4890.937,1398332.37,1491432.0,1465817.37
2021-11-10,4832.8,4832.8,4821.19,4754.0,1351181.75,-25.55,-0.53,4845.44,4855.176,4891.685,1342548.6,1487596.61,1445353.44
2021-11-09,4858.25,4870.79,4846.74,4818.54,1183755.25,-1.44,-0.03,4845.424,4862.873,4897.631,1357839.9,1499590.03,1443365.76
2021-11-08,4841.15,4866.08,4848.18,4827.69,1373982.62,5.83,0.12,4844.046,4874.509,4899.486,1491964.22,1522103.44,1468217.67
2021-11-05,4858.9,4889.68,4842.35,4841.74,1477893.62,-26.39,-0.54,4852.548,4887.643,4903.886,1560335.65,1526566.66,1481274.35
2021-11-04,4841.09,4873.94,4868.74,4834.74,1325929.75,47.63,0.99,4865.832,4899.381,4908.266,1584531.63,1522703.53,1491863.71
2021-11-03,4835.81,4858.71,4821.11,4804.37,1427638.25,-18.74,-0.39,4864.912,4905.309,4908.148,1632644.63,1539008.7,1498624.17
2021-11-02,4886.18,4911.23,4839.85,4797.9,1854376.88,-50.84,-1.04,4880.322,4914.216,4908.789,1641340.15,1537778.07,1521327.94
2021-11-01,4878.13,4908.21,4890.69,4858.25,1715839.75,-18.08,-0.37,4904.972,4922.503,4910.988,1552242.65,1487606.87,1517054.53
2021-10-29,4861.27,4908.77,4908.77,4855.76,1598873.5,44.63,0.92,4922.738,4920.912,4910.322,1492797.68,1457268.09,1539246.06
2021-10-28,4882.59,4898.66,4864.14,4846.28,1566494.75,-34.02,-0.69,4932.93,4923.246,4907.355,1460875.43,1440202.74,1563149.03
2021-10-27,4949.23,4949.23,4898.16,4884.94,1471115.88,-64.94,-1.31,4945.706,4928.193,4906.808,1445372.78,1403110.28,1598899.83
2021-10-26,4983.24,5002.57,4963.1,4953.48,1408889.38,-16.42,-0.33,4948.11,4932.388,4902.988,1434215.98,1387141.5,1620954.22
2021-10-25,4940.9,4981.65,4979.52,4930.11,1418614.88,19.79,0.4,4940.034,4924.462,4897.63,1422971.08,1414331.9,1651488.81
2021-10-22,4934.87,4989.89,4959.73,4934.87,1439262.25,31.71,0.64,4919.086,4920.129,4889.039,1421738.5,1435982.04,1688934.12
2021-10-21,4914.74,4946.18,4928.02,4893.85,1488981.5,17.84,0.36,4913.562,4917.15,4884.419,1419530.05,1461023.89,1710963.37
2021-10-20,4926.77,4944.02,4910.18,4898.37,1415331.88,-12.54,-0.26,4910.68,4910.986,4883.876,1360847.78,1458239.64,1759309.49
2021-10-19,4869.39,4928.14,4922.72,4868.81,1352664.88,47.94,0.98,4916.666,4903.361,4887.95,1340067.02,1504877.81,1813500.55
2021-10-18,4922.51,4922.51,4874.78,4844.94,1412452.0,-57.33,-1.16,4908.89,4899.472,4892.49,1405692.72,1546502.2,1890019.48
2021-10-15,4896.56,4939.82,4932.11,4881.01,1428220.0,18.5,0.38,4921.172,4899.731,4897.251,1450225.57,1621224.02,1947661.99
2021-10-14,4934.26,4953.92,4913.61,4903.25,1195570.12,-26.5,-0.54,4920.738,4891.463,4899.252,1502517.72,1686095.31,2008558.66
2021-10-13,4880.14,4953.37,4940.11,4869.83,1311428.12,56.27,1.15,4911.292,4885.422,4903.213,1555631.5,1794689.38,2070869.41
2021-10-12,4920.66,4925.49,4883.84,4840.77,1680793.38,-52.35,-1.06,4890.056,4873.588,4902.894,1669688.6,1854766.94,2125551.63
2021-10-11,4941.29,4983.73,4936.19,4930.71,1635116.25,6.25,0.13,4890.054,4870.798,4900.855,1687311.67,1888645.73,2175557.91
2021-10-08,4915.73,4937.09,4929.94,4891.62,1689680.75,63.56,1.31,4878.29,4857.949,4897.516,1792222.47,1941886.2,2227731.11
2021-09-30,4843.95,4876.07,4866.38,4843.95,1461139.0,32.45,0.67,4862.188,4851.687,4894.492,1869672.9,1960902.85,2306607.61
2021-09-29,4846.02,4868.07,4833.93,4799.88,1881713.62,-49.9,-1.02,4859.552,4856.765,4891.454,2033747.25,2060379.35,2351109.99
2021-09-28,4869.08,4901.31,4883.83,4846.63,1768908.75,6.46,0.13,4857.12,4872.538,4890.421,2039845.28,2122123.29,2366842.18
2021-09-27,4870.85,4922.56,4877.37,4852.2,2159670.25,27.94,0.58,4851.542,4885.507,4887.581,2089979.78,2233536.76,2370051.85
2021-09-24,4845.64,4897.06,4849.43,4838.54,2076932.88,-3.77,-0.08,4837.608,4894.771,4883.793,2091549.93,2274099.96,2360877.03
2021-09-23,4848.22,4877.34,4853.2,4837.56,2281510.75,31.43,0.65,4841.186,4907.041,4886.23,2052132.8,2331022.0,2351754.39
2021-09-22,4770.73,4830.85,4821.77,4765.23,1912203.75,-34.17,-0.7,4853.978,4921.004,4887.989,2087011.45,2347049.45,2336620.44
2021-09-17,4797.11,4857.96,4855.94,4786.09,2019581.25,48.24,1.0,4887.956,4932.2,4888.695,2204401.3,2396336.33,2324799.79
2021-09-16,4866.79,4879.53,4807.7,4806.14,2167521.0,-59.62,-1.23,4919.472,4930.912,4884.361,2377093.75,2462470.1,2312638.64
2021-09-15,4903.85,4903.85,4867.32,4843.12,1879847.25,-49.84,-1.01,4951.934,4937.083,4887.083,2456650.0,2513576.03,2305118.45
2021-09-14,4989.83,5000.98,4917.16,4907.32,2455904.0,-74.5,-1.49,4972.896,4937.297,4888.429,2609911.2,2652312.38,2309863.27
2021-09-13,5006.77,5029.72,4991.66,4964.96,2499153.0,-21.86,-0.44,4988.03,4926.142,4884.441,2607087.45,2641840.63,2280854.81
2021-09-10,4967.98,5042.8,5013.52,4962.37,2883043.5,43.51,0.88,4976.444,4908.303,4881.912,2588271.35,2611561.08,2236873.85
2021-09-09,4952.49,4970.15,4970.01,4929.95,2565302.25,-2.12,-0.04,4942.352,4889.655,4878.535,2547846.45,2506566.94,2171878.84
2021-09-08,4986.8,5013.98,4972.13,4955.89,2646153.25,-20.7,-0.41,4922.232,4872.815,4878.702,2570502.05,2447654.1,2127725.59
2021-09-07,4932.98,5005.96,4992.83,4915.61,2441785.25,59.1,1.2,4901.698,4865.418,4880.862,2694713.55,2372486.79,2086550.97
2021-09-06,4841.06,4944.45,4933.73,4837.79,2405072.5,90.67,1.87,4864.254,4854.974,4883.378,2676593.8,2326191.42,2047987.66
2021-09-03,4875.07,4886.55,4843.06,4828.7,2680919.0,-26.35,-0.54,4840.162,4845.189,4885.97,2634850.8,2253263.26,2018952.47
2021-09-02,4865.82,4892.7,4869.41,4845.62,2678580.25,-0.05,-0.0,4836.958,4837.81,4889.895,2465287.42,2162807.17,1961996.36
2021-09-01,4804.69,4906.4,4869.46,4763.3,3267210.75,63.85,1.33,4823.398,4837.083,4893.858,2324806.15,2096660.87,1911758.26
2021-08-31,4803.09,4821.76,4805.61,4740.75,2351186.5,-7.66,-0.16,4829.138,4839.561,4899.327,2050260.02,1967414.17,1836130.96
2021-08-30,4847.03,4849.16,4813.27,4787.2,2196357.5,-13.77,-0.28,4845.694,4842.74,4905.77,1975789.05,1919869.0,1820338.31
2021-08-27,4794.97,4863.47,4827.04,4793.59,1833102.12,25.43,0.53,4850.216,4855.52,4911.793,1871675.72,1862186.62,1824117.9
2021-08-26,4892.2,4892.2,4801.61,4798.7,1976173.88,-96.55,-1.97,4838.662,4867.414,4911.0,1860326.92,1837190.74,1823637.68
2021-08-25,4890.52,4899.77,4898.16,4865.76,1894480.12,9.77,0.2,4850.768,4884.588,4913.433,1868515.6,1807797.09,1811490.01
2021-08-24,4844.59,4906.2,4888.39,4842.75,1978831.62,52.51,1.09,4849.984,4896.306,4906.549,1884568.32,1800615.15,1813083.2
2021-08-23,4777.73,4843.82,4835.88,4764.01,1675790.88,66.61,1.4,4839.786,4911.782,4899.695,1863948.95,1769783.89,1832457.23
2021-08-20,4817.49,4835.15,4769.27,4720.83,1776358.12,-92.87,-1.91,4860.824,4926.75,4904.166,1852697.52,1784641.68,1862723.54
2021-08-19,4886.56,4893.47,4862.14,4839.57,2017117.25,-32.1,-0.66,4896.166,4941.979,4920.164,1814054.55,1761185.55,1882174.06
2021-08-18,4838.47,4909.54,4894.24,4818.9,1974743.75,56.84,1.18,4918.408,4950.632,4934.644,1747078.58,1726855.65,1874096.63
2021-08-17,4935.0,4967.56,4837.4,4823.39,1875734.75,-103.67,-2.1,4942.628,4959.093,4947.134,1716661.98,1704847.74,1859347.68
2021-08-16,4935.92,4973.38,4941.07,4931.37,1619533.75,-4.91,-0.1,4983.778,4968.799,4960.714,1675618.83,1720807.63,1830210.96
2021-08-13,4958.76,4993.74,4945.98,4921.28,1583143.25,-27.37,-0.55,4992.676,4968.066,4969.335,1716585.83,1786049.18,1825834.07
2021-08-12,4998.07,5016.26,4973.35,4962.99,1682237.38,-41.99,-0.84,4987.792,4954.585,4976.774,1708316.55,1810084.63,1831654.9
2021-08-11,5037.08,5059.79,5015.34,5009.98,1822660.75,-27.81,-0.55,4982.856,4942.277,4985.68,1706632.73,1815182.94,1838081.58
2021-08-10,4977.82,5043.76,5043.15,4941.24,1670519.0,57.59,1.16,4975.558,4916.791,4989.067,1693033.5,1825551.25,1841124.91
2021-08-09,4890.26,5002.89,4985.56,4884.04,1824368.75,64.0,1.3,4953.82,4887.607,4994.014,1765996.42,1895130.58,1840840.06
2021-08-06,4943.04,4944.35,4921.56,4891.8,1541796.88,-27.11,-0.55,4943.456,4881.581,5001.372,1855512.52,1940805.4,1852727.64
2021-08-05,4946.17,4997.14,4948.67,4921.94,1673818.25,-30.18,-0.61,4921.378,4898.348,5008.766,1911852.7,2003162.56,1855964.41
2021-08-04,4927.74,4979.29,4978.85,4919.66,1754664.62,44.39,0.9,4901.698,4918.656,5015.745,1923733.15,2021337.6,1859224.01
2021-08-03,4909.23,4957.03,4934.46,4890.85,2035333.62,0.72,0.01,4858.024,4935.175,5023.827,1958069.0,2013847.61,1845765.31
2021-08-02,4794.82,4938.82,4933.74,4761.46,2271949.25,122.57,2.55,4821.394,4952.628,5031.259,2024264.73,1939614.3,1814326.24
2021-07-30,4825.7,4825.7,4811.17,4761.04,1823497.75,-39.1,-0.81,4819.706,4970.603,5038.862,2026098.28,1865618.96,1766334.57
2021-07-29,4845.76,4857.97,4850.27,4800.01,1733220.5,89.79,1.89,4875.318,4998.963,5052.359,2094472.43,1853225.18,1740372.89
2021-07-28,4714.29,4785.66,4760.48,4663.9,1926343.88,9.17,0.19,4935.614,5029.082,5071.329,2118942.05,1860980.23,1717332.18
2021-07-27,4924.28,4940.86,4751.31,4749.03,2366312.25,-173.99,-3.53,5012.326,5061.342,5094.507,2069626.22,1856698.56,1672891.32
2021-07-26,5067.31,5067.31,4925.3,4859.6,2281117.0,-163.93,-3.22,5083.862,5100.421,5116.468,1854963.87,1786549.55,1617157.21
2021-07-23,5145.43,5145.43,5089.23,5080.0,2165368.5,-62.52,-1.21,5121.5,5121.162,5132.791,1705139.65,1764649.89,1569698.25
2021-07-22,5150.39,5171.21,5151.75,5137.88,1855568.62,7.71,0.15,5122.608,5119.183,5140.328,1611977.93,1708766.26,1538895.36
2021-07-21,5122.78,5160.54,5144.04,5122.3,1679764.75,35.05,0.69,5122.55,5112.834,5140.539,1603018.4,1697110.41,1509459.74
2021-07-20,5080.22,5114.0,5108.99,5067.86,1293000.5,-4.5,-0.09,5110.358,5112.479,5140.707,1643770.9,1677683.0,1493649.53
2021-07-19,5083.73,5120.82,5113.49,5047.62,1531995.88,18.72,0.37,5116.98,5109.89,5141.365,1718135.23,1689038.18,1494207.88
2021-07-16,5140.9,5140.9,5094.77,5090.63,1699559.88,-56.69,-1.1,5120.824,5107.12,5140.21,1824160.13,1667050.18,1483700.35
2021-07-15,5073.26,5153.81,5151.46,5067.68,1810771.0,68.38,1.34,5115.758,5105.755,5140.595,1805554.6,1627520.61,1473015.25
2021-07-14,5130.75,5130.75,5083.08,5075.13,1883527.25,-59.02,-1.15,5103.118,5113.575,5138.117,1791202.42,1573684.14,1442702.96
2021-07-13,5128.61,5154.05,5142.1,5114.94,1664822.12,9.39,0.18,5114.6,5127.671,5137.987,1711595.1,1489084.08,1411100.59
2021-07-12,5108.38,5159.41,5132.71,5070.32,2062120.38,63.27,1.25,5102.8,5132.515,5139.21,1659941.12,1447764.87,1399299.52
2021-07-09,5063.15,5081.41,5069.44,5006.41,1606532.25,-18.82,-0.37,5093.416,5144.42,5143.81,1509940.22,1374746.62,1386597.08
2021-07-08,5149.31,5151.22,5088.26,5078.93,1739010.12,-52.23,-1.02,5095.752,5161.473,5153.911,1449486.62,1369024.46,1375766.45
2021-07-07,5052.42,5152.77,5140.49,5045.41,1485490.62,57.39,1.13,5124.032,5168.244,5161.321,1356165.85,1321809.07,1349726.11
2021-07-06,5089.78,5092.21,5083.1,5028.51,1406552.25,-2.69,-0.05,5140.742,5168.934,5165.902,1266573.06,1309616.07,1340731.35
2021-07-05,5073.78,5098.23,5085.79,5048.0,1312115.88,4.67,0.09,5162.23,5172.84,5175.629,1235588.61,1299377.59,1334256.22
2021-07-02,5186.66,5186.66,5081.12,5074.36,1304264.25,-148.54,-2.84,5195.424,5173.3,5185.453,1239553.01,1300350.52,1341016.47
2021-07-01,5241.2,5252.26,5229.66,5190.88,1272406.25,5.62,0.11,5227.194,5175.435,5194.162,1288562.29,1318509.89,1346787.7
2021-06-30,5189.38,5231.43,5224.04,5186.63,1037526.69,33.5,0.65,5212.456,5162.658,5197.177,1287452.29,1311721.78,1352044.55
2021-06-29,5248.52,5248.52,5190.54,5182.68,1251630.0,-61.22,-1.17,5197.126,5148.303,5203.059,1352659.07,1333117.1,1372083.95
2021-06-28,5253.61,5260.64,5251.76,5226.22,1331937.88,11.79,0.23,5183.45,5145.905,5210.111,1363166.57,1350834.16,1381804.09
2021-06-25,5159.8,5251.61,5239.97,5157.48,1549310.62,84.0,1.63,5151.176,5143.199,5213.577,1361148.02,1398447.55,1397510.09
2021-06-24,5156.56,5160.43,5155.97,5120.58,1266856.25,8.58,0.17,5123.676,5146.349,5218.49,1348457.5,1382508.45,1394275.99
2021-06-23,5127.19,5171.03,5147.39,5109.76,1363560.62,25.23,0.49,5112.86,5154.397,5226.721,1335991.27,1377643.15,1415736.72
2021-06-22,5106.07,5125.82,5122.16,5086.28,1304167.5,31.77,0.62,5099.48,5162.87,5235.276,1313575.12,1371846.62,1439057.11
2021-06-21,5088.09,5123.78,5090.39,5058.57,1321845.12,-12.08,-0.24,5108.36,5178.417,5236.947,1338501.75,1369134.85,1437219.91
2021-06-18,5104.93,5128.03,5102.47,5064.92,1485858.0,0.58,0.01,5135.222,5197.606,5239.135,1435747.07,1381682.43,1433511.89
2021-06-17,5074.38,5123.37,5101.89,5073.82,1204525.12,21.4,0.42,5169.022,5212.888,5243.332,1416559.4,1375065.5,1428446.38
2021-06-16,5163.25,5164.52,5080.49,5076.02,1251479.88,-86.07,-1.67,5195.934,5231.696,5246.851,1419295.02,1392367.31,1427585.12
2021-06-15,5218.56,5225.5,5166.56,5137.41,1428800.62,-58.14,-1.11,5226.26,5257.815,5252.207,1430118.12,1411050.8,1424213.26
2021-06-11,5275.75,5276.1,5224.7,5213.6,1808071.75,-46.77,-0.89,5248.474,5274.316,5253.128,1399767.95,1412774.01,1429718.05
2021-06-10,5236.47,5299.53,5271.47,5229.52,1389919.62,35.02,0.67,5259.99,5283.955,5247.423,1327617.78,1396572.64,1419027.55
2021-06-09,5224.95,5253.36,5236.45,5215.35,1218203.25,4.33,0.08,5256.754,5290.631,5233.498,1333571.6,1406043.53,1415671.26
2021-06-08,5276.97,5319.04,5232.12,5201.14,1305595.38,-45.51,-0.86,5267.458,5299.045,5223.903,1365439.6,1453830.3,1418070.65
2021-06-07,5284.89,5286.84,5277.63,5242.95,1277049.75,-4.65,-0.09,5289.37,5307.681,5213.45,1391983.48,1506267.6,1428554.13
2021-06-04,5228.28,5334.49,5282.28,5221.23,1447320.88,26.99,0.51,5300.158,5295.477,5199.189,1425780.08,1505304.96,1450111.93
2021-06-03,5285.71,5314.37,5255.29,5255.07,1419688.75,-34.68,-0.66,5307.92,5280.664,5184.878,1465527.5,1485341.36,1463875.05
2021-06-02,5348.34,5352.64,5289.97,5266.79,1377543.25,-51.71,-0.97,5324.508,5273.776,5175.169,1478515.45,1481827.26,1472301.93
2021-06-01,5320.47,5343.75,5341.68,5269.26,1438314.75,10.11,0.19,5330.632,5262.006,5166.845,1542221.0,1462802.93,1483485.58
2021-05-31,5318.08,5331.63,5331.57,5281.69,1446032.75,10.48,0.2,5325.992,5246.598,5157.97,1620551.73,1437375.71,1481616.08
2021-05-28,5338.73,5360.28,5321.09,5288.65,1646058.0,-17.14,-0.32,5290.796,5231.94,5147.353,1584829.85,1446662.08,1469624.6
2021-05-27,5311.37,5378.48,5338.23,5286.05,1484628.5,17.64,0.33,5253.408,5210.89,5135.825,1505155.23,1441482.45,1449302.61
2021-05-26,5326.12,5344.28,5320.59,5308.74,1696071.0,2.11,0.04,5223.044,5176.364,5122.775,1485139.08,1425299.0,1450762.17
2021-05-25,5165.04,5324.36,5318.48,5161.52,1829968.38,162.89,3.16,5193.38,5148.76,5113.518,1383384.85,1382310.99,1426987.11
2021-05-24,5138.81,5155.59,5155.59,5092.39,1267423.38,21.44,0.42,5167.204,5119.218,5102.056,1254199.7,1350840.65,1396072.52
2021-05-21,5199.13,5216.16,5134.15,5123.12,1247684.88,-52.26,-1.01,5173.084,5102.901,5099.214,1308494.3,1394918.9,1395019.99
2021-05-20,5167.05,5201.59,5186.41,5152.04,1384547.75,14.14,0.27,5168.372,5089.091,5096.675,1377809.68,1442408.74,1400906.59
2021-05-19,5173.17,5193.56,5172.27,5151.64,1187299.88,-15.33,-0.3,5129.684,5076.562,5091.705,1365458.93,1462776.59,1409064.12
2021-05-18,5190.93,5201.67,5187.6,5156.79,1184042.62,2.61,0.05,5104.14,5071.684,5081.401,1381237.13,1504168.23,1405319.09
2021-05-17,5115.31,5206.69,5184.99,5115.31,1538896.38,74.4,1.46,5071.232,5069.341,5069.469,1447481.6,1525856.44,1400531.65
2021-05-14,5007.63,5112.98,5110.59,4981.29,1594261.75,117.62,2.36,5032.718,5062.766,5059.251,1481343.5,1492587.11,1384017.25
2021-05-13,4992.35,5022.08,4992.97,4975.45,1322794.0,-51.58,-1.02,5009.81,5060.759,5050.704,1507007.8,1457122.78,1370763.84
2021-05-12,5003.82,5051.17,5044.55,4995.4,1266190.88,21.49,0.43,5023.44,5069.186,5048.443,1560094.25,1476225.34,1380946.3
2021-05-11,4956.08,5033.49,5023.06,4925.92,1515265.0,30.64,0.61,5039.228,5078.276,5047.982,1627099.33,1471663.24,1381845.01
2021-05-10,5001.44,5019.39,4992.42,4953.7,1708205.88,-3.63,-0.07,5067.45,5084.894,5052.44,1604231.28,1441304.39,1376967.29
2021-05-07,5073.46,5093.75,4996.05,4996.04,1722583.25,-65.07,-1.29,5092.814,5095.526,5058.006,1503830.72,1395121.08,1364438.87
2021-05-06,5098.8,5132.9,5061.12,5037.41,1588226.25,-62.37,-1.22,5111.708,5104.258,5065.22,1407237.75,1359404.45,1333226.81
2021-04-30,5156.36,5163.25,5123.49,5094.93,1601216.25,-40.68,-0.79,5114.932,5106.848,5070.242,1392356.42,1355351.65,1317316.62
2021-04-29,5128.28,5170.59,5164.17,5113.65,1400924.75,44.93,0.88,5117.324,5091.117,5069.607,1316227.15,1306469.95,1297418.26
2021-04-28,5073.97,5119.45,5119.24,5059.26,1206203.12,28.72,0.56,5102.338,5069.597,5063.816,1278377.5,1275206.86,1298039.89
2021-04-27,5076.64,5095.98,5090.52,5042.61,1239618.38,13.28,0.26,5098.238,5055.736,5062.591,1286411.43,1275447.39,1307039.01
2021-04-26,5156.59,5181.11,5077.24,5072.96,1513819.62,-58.21,-1.13,5096.808,5040.648,5060.409,1311571.15,1284404.91,1316752.2
2021-04-23,5088.83,5149.98,5135.45,5086.49,1220569.88,46.21,0.91,5098.764,5027.699,5058.446,1318346.88,1285667.26,1314024.57
2021-04-22,5114.28,5119.22,5089.24,5067.14,1211676.5,-9.5,-0.19,5064.91,5017.688,5047.991,1296712.75,1292026.79,1319468.67
2021-04-21,5055.24,5110.56,5098.74,5047.99,1246372.75,15.37,0.3,5036.856,5019.985,5039.964,1272036.23,1312630.19,1338577.84
2021-04-20,5065.78,5119.86,5083.37,5058.92,1365417.0,-3.65,-0.07,5013.234,5020.485,5035.489,1264483.35,1333756.66,1355266.18
2021-04-19,4966.41,5088.21,5087.02,4940.75,1547698.25,120.84,2.43,4984.488,5026.182,5034.178,1257238.68,1307049.17,1370696.65
2021-04-16,4966.9,4979.17,4966.18,4917.96,1112399.25,17.21,0.35,4956.634,5033.636,5030.182,1252987.65,1279281.6,1375399.16
2021-04-15,4969.91,4969.91,4948.97,4900.3,1088293.88,-31.66,-0.64,4970.466,5048.096,5038.961,1287340.82,1288366.56,1391229.96
2021-04-14,4945.69,4987.12,4980.63,4940.27,1208608.38,40.99,0.83,5003.114,5058.035,5046.556,1353224.15,1320872.91,1411396.45
2021-04-13,4949.81,4994.54,4939.64,4924.2,1329193.62,-8.11,-0.16,5027.736,5069.445,5051.492,1403029.97,1338630.64,1431661.06
2021-04-12,5026.98,5045.6,4947.75,4933.01,1526443.12,-87.59,-1.74,5067.876,5080.169,5056.287,1356859.67,1349099.49,1467277.92
2021-04-09,5100.04,5100.04,5035.34,5022.09,1284165.12,-76.87,-1.5,5110.638,5089.193,5066.219,1305575.55,1342381.87,1491466.06
2021-04-08,5078.26,5129.13,5112.21,5062.07,1417710.5,8.47,0.17,5125.726,5078.294,5070.863,1289392.3,1346910.55,1522058.18
2021-04-07,5141.66,5141.66,5103.74,5065.19,1457637.5,-36.6,-0.71,5112.956,5059.942,5065.433,1288521.68,1364525.49,1536136.9
2021-04-06,5178.64,5181.15,5140.34,5125.33,1098342.12,-21.22,-0.41,5111.154,5050.493,5058.796,1274231.3,1376775.7,1578610.53
2021-04-02,5129.85,5169.83,5161.56,5116.35,1270022.5,50.78,0.99,5092.462,5042.174,5055.78,1341339.3,1434344.13,1638809.23
2021-04-01,5059.94,5115.43,5110.78,5056.87,1203248.88,62.42,1.24,5067.748,5026.727,5060.842,1379188.2,1471516.73,1676622.08
2021-03-31,5085.95,5085.95,5048.36,5015.61,1413357.38,-46.37,-0.91,5030.862,5029.826,5069.338,1404428.8,1494093.35,1722847.24
2021-03-30,5043.1,5106.04,5094.73,5032.8,1386185.62,47.85,0.95,5006.928,5035.076,5089.531,1440529.3,1501919.99,1749533.89
2021-03-29,5052.26,5086.65,5046.88,5010.39,1433882.12,8.89,0.18,4989.832,5033.539,5102.276,1479320.1,1524691.48,1778480.17
2021-03-26,4953.95,5050.83,5037.99,4953.95,1459267.0,111.64,2.27,4991.886,5032.405,5120.871,1527348.95,1585456.35,1795517.83
2021-03-25,4904.07,4950.76,4926.35,4883.66,1329451.88,-2.34,-0.05,4985.706,5043.244,5135.809,1563845.25,1640550.24,1828686.75
2021-03-24,4985.4,5024.33,4928.69,4919.89,1593859.88,-80.56,-1.61,5028.79,5063.431,5162.97,1583757.9,1697205.81,1877582.17
2021-03-23,5057.06,5064.02,5009.25,4966.53,1580139.62,-47.9,-0.95,5063.224,5070.923,5188.414,1563310.67,1707748.31,1910603.48
2021-03-22,5008.4,5071.34,5057.15,4996.54,1674026.38,50.06,1.0,5077.246,5067.098,5216.935,1570062.85,1780445.35,1948500.36
2021-03-19,5068.53,5089.92,5007.09,4980.76,1641748.5,-134.68,-2.62,5072.924,5069.385,5243.944,1643563.75,1843274.34,2005861.23
2021-03-18,5114.59,5160.46,5141.77,5111.13,1429015.12,40.91,0.8,5100.782,5094.956,5282.531,1717255.23,1881727.44,2031011.69
2021-03-17,5062.77,5123.55,5100.86,5020.13,1491623.75,21.5,0.42,5098.072,5108.85,5313.862,1810653.73,1951601.13,2068985.27
2021-03-16,5054.41,5084.31,5079.36,5009.95,1613900.5,43.82,0.87,5078.622,5143.985,5349.205,1852185.95,1997147.8,2079488.98
2021-03-15,5116.12,5120.88,5035.54,4992.4,2041530.88,-110.84,-2.15,5056.95,5171.012,5379.549,1990827.85,2032268.86,2081237.58
2021-03-12,5153.67,5153.67,5146.38,5086.82,2010205.88,18.16,0.35,5065.846,5209.336,5406.0,2042984.93,2005579.3,2061177.93
2021-03-11,5024.56,5138.41,5128.22,5020.58,1896007.62,124.61,2.49,5089.13,5228.374,5422.852,2046199.65,2016823.26,2055517.43
2021-03-10,5047.06,5055.28,5003.61,4981.62,1699284.88,32.61,0.66,5119.628,5262.508,5440.138,2092548.53,2057958.53,2051004.88
2021-03-09,5066.15,5094.31,4971.0,4917.91,2307110.0,-109.02,-2.15,5209.348,5305.904,5464.218,2142109.65,2113458.64,2060067.79
2021-03-08,5299.79,5326.26,5080.02,5079.8,2302316.25,-182.78,-3.47,5285.074,5366.771,5490.722,2073709.87,2116555.36,2027317.57
2021-03-05,5191.97,5307.82,5262.8,5174.25,2026279.5,-17.91,-0.34,5352.826,5418.502,5507.604,1968173.67,2168448.11,1995358.61
2021-03-04,5388.48,5392.37,5280.71,5254.78,2127752.0,-171.5,-3.15,5367.618,5470.106,5512.062,1987446.87,2180295.94,1985134.02
2021-03-03,5327.35,5452.4,5452.21,5316.48,1947090.5,102.58,1.92,5405.388,5518.873,5516.883,2023368.52,2186369.41,1963989.22
2021-03-02,5453.28,5454.97,5349.63,5305.05,1965111.12,-69.15,-1.28,5402.46,5554.424,5520.673,2084807.62,2161830.15,1946730.11
2021-03-01,5389.25,5421.56,5418.78,5345.94,1774635.25,82.02,1.54,5448.468,5588.086,5528.84,2159400.85,2130206.3,1934426.85
2021-02-26,5343.9,5416.32,5336.76,5318.86,2122645.5,-132.8,-2.43,5484.178,5602.664,5539.197,2368722.55,2116776.55,1944218.6
2021-02-25,5494.47,5527.63,5469.56,5444.16,2307360.25,31.99,0.59,5572.594,5617.329,5550.848,2373145.0,2094211.6,1937736.34
2021-02-24,5591.48,5598.83,5437.57,5379.73,2254286.0,-142.1,-2.55,5632.358,5617.768,5555.618,2349370.3,2044051.23,1927343.43
2021-02-23,5542.68,5644.76,5579.67,5541.11,2338077.25,-17.66,-0.32,5706.388,5622.531,5557.561,2238852.68,2006676.94,1900085.76
2021-02-22,5785.51,5785.51,5597.33,5597.33,2821243.75,-181.51,-3.14,5727.704,5614.673,5550.454,2101011.75,1938079.77,1888703.61
2021-02-19,5734.02,5787.89,5778.84,5667.32,2144757.75,10.46,0.18,5721.15,5596.705,5546.513,1864830.55,1822269.1,1851167.36
2021-02-18,5922.07,5930.91,5768.38,5747.66,2188486.75,-39.34,-0.68,5662.064,5554.017,5530.475,1815278.2,1789972.11,1863248.18
2021-02-10,5709.68,5823.42,5807.72,5707.33,1701697.88,121.47,2.14,5603.178,5514.893,5515.579,1738732.15,1741609.03,1875665.53
2021-02-09,5584.17,5686.25,5686.25,5555.05,1648872.62,121.69,2.19,5538.674,5486.921,5504.092,1774501.2,1731630.08,1921365.58
2021-02-08,5506.14,5576.49,5564.56,5479.85,1640337.75,81.15,1.48,5501.642,5469.593,5499.597,1775147.8,1738647.4,1951032.03
2021-02-05,5494.7,5550.77,5483.41,5477.65,1896996.0,9.46,0.17,5472.26,5475.729,5493.427,1779707.65,1771660.65,1984933.13
2021-02-04,5453.98,5510.05,5473.95,5411.57,1805756.5,-11.25,-0.2,5445.97,5484.366,5494.028,1764666.02,1781261.08,1992245.81
2021-02-03,5499.3,5532.89,5485.2,5473.12,1880543.12,-15.89,-0.29,5426.608,5493.468,5496.013,1744485.9,1810635.63,2011894.02
2021-02-02,5429.7,5503.21,5501.09,5411.52,1652105.62,83.44,1.54,5435.168,5492.591,5492.637,1688758.95,1793494.58,2014753.59
2021-02-01,5356.85,5422.3,5417.65,5342.05,1663137.0,65.69,1.23,5437.544,5486.234,5486.007,1702147.0,1839327.44,2044613.88
2021-01-29,5413.97,5430.2,5351.96,5288.1,1821787.88,-25.18,-0.47,5479.198,5496.321,5478.511,1763613.65,1880065.61,2067312.72
2021-01-28,5450.37,5462.24,5377.14,5360.38,1704855.88,-150.86,-2.73,5522.762,5506.933,5471.477,1797856.13,1936524.25,2062024.58
2021-01-27,5505.77,5534.99,5528.0,5449.64,1601908.38,15.03,0.27,5560.328,5516.265,5458.306,1876785.35,2009722.04,2051095.01
2021-01-26,5600.9,5600.9,5512.97,5506.0,1719045.88,-112.95,-2.01,5550.014,5521.262,5434.053,1898230.2,2111101.08,2041598.92
2021-01-25,5564.12,5655.48,5625.92,5543.27,1970470.25,56.14,1.01,5534.924,5529.6,5411.625,1976507.87,2163416.66,2024103.84
2021-01-22,5562.38,5573.66,5569.78,5513.88,1993000.25,4.81,0.09,5513.444,5511.124,5382.429,1996517.57,2198205.61,1986083.81
2021-01-21,5492.96,5593.11,5564.97,5490.56,2099502.0,88.54,1.62,5491.104,5503.689,5353.941,2075192.37,2203230.54,1943643.13
2021-01-20,5439.91,5496.05,5476.43,5426.54,1709132.62,38.91,0.72,5472.202,5498.558,5326.049,2142658.72,2213152.41,1908814.44
2021-01-19,5525.97,5532.48,5437.52,5415.72,2110434.25,-81.0,-1.47,5492.51,5492.682,5300.466,2323971.95,2236012.6,1904530.3
2021-01-18,5438.16,5541.46,5518.52,5410.78,2070518.75,60.44,1.11,5524.276,5485.78,5280.932,2350325.45,2249900.33,1869414.48
2021-01-15,5471.39,5500.63,5458.08,5390.27,2386374.25,-12.38,-0.23,5508.804,5460.7,5255.004,2399893.65,2254559.83,1829913.35
2021-01-14,5556.21,5568.02,5470.46,5458.68,2436833.75,-107.51,-1.93,5516.274,5436.021,5232.974,2331268.7,2187524.91,1777287.37
2021-01-13,5609.26,5644.72,5577.97,5535.14,2615698.75,-18.38,-0.33,5524.914,5400.346,5207.145,2283646.1,2092467.99,1708835.17
2021-01-12,5419.5,5596.35,5596.35,5417.63,2242201.75,155.19,2.85,5492.854,5346.843,5175.501,2148053.25,1972096.77,1637221.55
2021-01-11,5504.24,5555.69,5441.16,5412.5,2318359.75,-54.27,-0.99,5447.284,5293.649,5142.426,2149475.2,1884791.01,1585512.24
2021-01-08,5526.29,5547.47,5495.43,5442.69,2043249.5,-18.23,-0.33,5412.596,5253.734,5114.849,2109226.0,1773962.01,1549273.1
2021-01-07,5428.39,5513.66,5513.66,5413.35,2198720.75,95.99,1.77,5355.768,5204.193,5087.104,2043781.12,1684055.72,1510067.76
2021-01-06,5386.51,5433.47,5417.67,5341.43,1937734.5,49.17,0.92,5275.778,5153.539,5058.556,1901289.87,1604476.47,1469590.21
2021-01-05,5245.84,5368.5,5368.5,5234.38,2249311.5,100.78,1.91,5200.832,5108.249,5038.166,1796140.3,1573048.0,1434239.99
2021-01-04,5212.93,5284.43,5267.72,5190.94,2117113.75,56.43,1.08,5140.014,5076.083,5020.853,1620106.82,1488928.64,1391722.52
